TOTAL STUDENTS:,3
EACH SUBJECT AVERAGE:
CS,:,10.000000
M,:,7.000000
P,:,10.000000
C,:,10.000000
E,:,9.000000
TOTAL AVERAGE:,46.000000
RANKING:
Doe,S1,46.000000
Johnson,S3,46.000000
smith,S2,46.000000
