TOTAL STUDENTS:,3
EACH SUBJECT AVERAGE:
S,:,248.800000
Cs,:,255.800000
P,:,250.300000
C,:,260.800000
M,:,255.800000
E,:,255.800000
TOTAL AVERAGE:,1527.300000
RANKING:
Jane Smith,S2,553.800000
John Doe,S1,505.500000
Alice Johnson,S3,468.000000
